{
	"parent": "item/generated",
	"textures": {
		"layer0": "item/totem_of_undying"
	},
	"overrides": [
		{ "predicate": {"custom_model_data": 1001}, "model": "item/totems/8elahr" },
		{ "predicate": {"custom_model_data": 1002}, "model": "item/totems/a1qs" },
		{ "predicate": {"custom_model_data": 1003}, "model": "item/totems/attack8" },
		{ "predicate": {"custom_model_data": 1004}, "model": "item/totems/auscrafter" },
		{ "predicate": {"custom_model_data": 1005}, "model": "item/totems/bigdug" },
		{ "predicate": {"custom_model_data": 1006}, "model": "item/totems/biglange" },
		{ "predicate": {"custom_model_data": 1007}, "model": "item/totems/boranov" },
		{ "predicate": {"custom_model_data": 1008}, "model": "item/totems/caffeinatedowl7" },
		{ "predicate": {"custom_model_data": 1009}, "model": "item/totems/caren9593" },
		{ "predicate": {"custom_model_data": 1010}, "model": "item/totems/danbearpig82" },
		{ "predicate": {"custom_model_data": 1011}, "model": "item/totems/dannysnowypaw" },
		{ "predicate": {"custom_model_data": 1012}, "model": "item/totems/darthcubbie" },
		{ "predicate": {"custom_model_data": 1013}, "model": "item/totems/dawnapproaches" },
		{ "predicate": {"custom_model_data": 1014}, "model": "item/totems/dj_berry" },
		{ "predicate": {"custom_model_data": 1015}, "model": "item/totems/faewild_" },
		{ "predicate": {"custom_model_data": 1016}, "model": "item/totems/fibersupreme" },
		{ "predicate": {"custom_model_data": 1017}, "model": "item/totems/freshwes15" },
		{ "predicate": {"custom_model_data": 1018}, "model": "item/totems/gamingwithtoimen" },
		{ "predicate": {"custom_model_data": 1020}, "model": "item/totems/grimmaridar" },
		{ "predicate": {"custom_model_data": 1021}, "model": "item/totems/hoy_82" },
		{ "predicate": {"custom_model_data": 1022}, "model": "item/totems/ign_shade" },
		{ "predicate": {"custom_model_data": 1023}, "model": "item/totems/inri30ad" },
		{ "predicate": {"custom_model_data": 1024}, "model": "item/totems/joolicious" },
		{ "predicate": {"custom_model_data": 1025}, "model": "item/totems/jrowez" },
		{ "predicate": {"custom_model_data": 1026}, "model": "item/totems/justahuman_xd" },
		{ "predicate": {"custom_model_data": 1027}, "model": "item/totems/justusis0nline" },
		{ "predicate": {"custom_model_data": 1028}, "model": "item/totems/kieonas" },
		{ "predicate": {"custom_model_data": 1029}, "model": "item/totems/knightrali" },
		{ "predicate": {"custom_model_data": 1030}, "model": "item/totems/kumara22" },
		{ "predicate": {"custom_model_data": 1031}, "model": "item/totems/kvothe42" },
		{ "predicate": {"custom_model_data": 1032}, "model": "item/totems/lobstercanary" },
		{ "predicate": {"custom_model_data": 1033}, "model": "item/totems/marow" },
		{ "predicate": {"custom_model_data": 1034}, "model": "item/totems/mcmelontv" },
		{ "predicate": {"custom_model_data": 1035}, "model": "item/totems/missandrea__" },
		{ "predicate": {"custom_model_data": 1036}, "model": "item/totems/mr__lucifer_" },
		{ "predicate": {"custom_model_data": 1037}, "model": "item/totems/muttpacket" },
		{ "predicate": {"custom_model_data": 1038}, "model": "item/totems/notoriousv1" },
		{ "predicate": {"custom_model_data": 1040}, "model": "item/totems/queenpanduh" },
		{ "predicate": {"custom_model_data": 1041}, "model": "item/totems/roboian316" },
		{ "predicate": {"custom_model_data": 1042}, "model": "item/totems/rockn" },
		{ "predicate": {"custom_model_data": 1043}, "model": "item/totems/rydogm" },
		{ "predicate": {"custom_model_data": 1044}, "model": "item/totems/shriekingsiren" },
		{ "predicate": {"custom_model_data": 1045}, "model": "item/totems/squeakyyyy" },
		{ "predicate": {"custom_model_data": 1047}, "model": "item/totems/tigershrimp88" },
		{ "predicate": {"custom_model_data": 1048}, "model": "item/totems/tossing" },
		{ "predicate": {"custom_model_data": 1049}, "model": "item/totems/toxicajwood" },
		{ "predicate": {"custom_model_data": 1050}, "model": "item/totems/tricksofevil" },
		{ "predicate": {"custom_model_data": 1051}, "model": "item/totems/xultimateraiderx" },
		{ "predicate": {"custom_model_data": 1052}, "model": "item/totems/xwutz" },
		{ "predicate": {"custom_model_data": 1053}, "model": "item/totems/ylymyn8r" },
		{ "predicate": {"custom_model_data": 1054}, "model": "item/totems/diuskqq" },
		{ "predicate": {"custom_model_data": 2001}, "model": "item/totems/bigal607" },
		{ "predicate": {"custom_model_data": 2002}, "model": "item/totems/bluexander" },
		{ "predicate": {"custom_model_data": 2003}, "model": "item/totems/blundingen" },
		{ "predicate": {"custom_model_data": 2004}, "model": "item/totems/brittbit93" },
		{ "predicate": {"custom_model_data": 2005}, "model": "item/totems/charliebrown0802" },
		{ "predicate": {"custom_model_data": 2006}, "model": "item/totems/chewberto" },
		{ "predicate": {"custom_model_data": 2007}, "model": "item/totems/cosmovoli" },
		{ "predicate": {"custom_model_data": 2008}, "model": "item/totems/countoearl" },
		{ "predicate": {"custom_model_data": 2009}, "model": "item/totems/crossfadeaus" },
		{ "predicate": {"custom_model_data": 2010}, "model": "item/totems/elasky" },
		{ "predicate": {"custom_model_data": 2011}, "model": "item/totems/forgey99" },
		{ "predicate": {"custom_model_data": 2012}, "model": "item/totems/gagetgaming" },
		{ "predicate": {"custom_model_data": 2013}, "model": "item/totems/gandai" },
		{ "predicate": {"custom_model_data": 2014}, "model": "item/totems/grs_1915" },
		{ "predicate": {"custom_model_data": 2015}, "model": "item/totems/hulifox" },
		{ "predicate": {"custom_model_data": 2016}, "model": "item/totems/improperhijynx" },
		{ "predicate": {"custom_model_data": 2017}, "model": "item/totems/jesterw00t" },
		{ "predicate": {"custom_model_data": 2018}, "model": "item/totems/justiffule" },
		{ "predicate": {"custom_model_data": 2019}, "model": "item/totems/kagai_" },
		{ "predicate": {"custom_model_data": 2020}, "model": "item/totems/kayoss_taz" },
		{ "predicate": {"custom_model_data": 2022}, "model": "item/totems/linahun" },
		{ "predicate": {"custom_model_data": 2023}, "model": "item/totems/lord_billy87" },
		{ "predicate": {"custom_model_data": 2024}, "model": "item/totems/lyndensylvester" },
		{ "predicate": {"custom_model_data": 2025}, "model": "item/totems/oisketchio" },
		{ "predicate": {"custom_model_data": 2026}, "model": "item/totems/pandiibee" },
		{ "predicate": {"custom_model_data": 2027}, "model": "item/totems/poe_thirteen" },
		{ "predicate": {"custom_model_data": 2028}, "model": "item/totems/rootbear75" },
		{ "predicate": {"custom_model_data": 2029}, "model": "item/totems/shadowkitty74" },
		{ "predicate": {"custom_model_data": 2030}, "model": "item/totems/sirhunt" },
		{ "predicate": {"custom_model_data": 2032}, "model": "item/totems/spectregrimm" },
		{ "predicate": {"custom_model_data": 2033}, "model": "item/totems/strokingun" },
		{ "predicate": {"custom_model_data": 2034}, "model": "item/totems/thebayker" },
		{ "predicate": {"custom_model_data": 2035}, "model": "item/totems/v_dk" },
		{ "predicate": {"custom_model_data": 2036}, "model": "item/totems/vegasvic1965" },
		{ "predicate": {"custom_model_data": 2037}, "model": "item/totems/xxknockoutxx_69" },
		{ "predicate": {"custom_model_data": 2038}, "model": "item/totems/zeebeeblue" },
		{ "predicate": {"custom_model_data": 2039}, "model": "item/totems/zenberry" },
		{ "predicate": {"custom_model_data": 2040}, "model": "item/totems/zoolon88" },
		{ "predicate": {"custom_model_data": 3001}, "model": "item/totems/greatlakesgirl" },
		{ "predicate": {"custom_model_data": 3002}, "model": "item/totems/arrrrrlemon" },
		{ "predicate": {"custom_model_data": 3003}, "model": "item/totems/timeladyswand" },
		{ "predicate": {"custom_model_data": 3004}, "model": "item/totems/slingnsharks" },
		{ "predicate": {"custom_model_data": 3005}, "model": "item/totems/withervein" },
		{ "predicate": {"custom_model_data": 3006}, "model": "item/totems/nolevos" },
		{ "predicate": {"custom_model_data": 3007}, "model": "item/totems/sabrieldier" },
		{ "predicate": {"custom_model_data": 3008}, "model": "item/totems/kammymaree" },
		{ "predicate": {"custom_model_data": 3009}, "model": "item/totems/rairaid" },
		{ "predicate": {"custom_model_data": 3010}, "model": "item/totems/aggroninja89" },
		{ "predicate": {"custom_model_data": 3011}, "model": "item/totems/narcolepticheeta" },
		{ "predicate": {"custom_model_data": 3012}, "model": "item/totems/ohnoitsoak" },
		{ "predicate": {"custom_model_data": 3013}, "model": "item/totems/lawlessfern" },
		{ "predicate": {"custom_model_data": 3014}, "model": "item/totems/skullverizer" },
		{ "predicate": {"custom_model_data": 3015}, "model": "item/totems/multibobob" }
	]
}